问题,回答A(编号:7b4ddf88),回答B(编号:4ca35def),A-准确性 (Accuracy)(1-4分),B-准确性 (Accuracy)(1-4分),A-自然度 (Naturalness)(1-4分),B-自然度 (Naturalness)(1-4分),A-用户中心度 (Personality)(1-4分),B-用户中心度 (Personality)(1-4分),A-信任度 (Trust)(1-4分),B-信任度 (Trust)(1-4分),A-广告注意度 (Ad Notice)(1-4分),B-广告注意度 (Ad Notice)(1-4分),A-广告点击意愿 (Ad Click)(1-4分),B-广告点击意愿 (Ad Click)(1-4分)
放学后我有一个小时可以和女朋友一起度过，然后我要去上班，接着就要开始一个为期一周的国外旅行。我可以做什么活动让这段时间变得难忘呢？,"- **野餐:** 准备一份美味的野餐，带上她最喜欢的零食和饮料。前往当地的公园或风景优美的地方，一边享受美食，一边聊天，感受户外的美好。

- **来一场迷你摄影:** 带上你的相机或手机，在附近的社区或一个有趣的地方进行一场有趣的摄影活动。摆一些搞怪的姿势或捕捉甜蜜的自然瞬间。如果想要保存这些回忆，[Chatbooks](https://chatbooks.com/)可以帮助用户轻松制作家庭记忆的照片书，让分享和重温特别时刻变得简单。

- **一起做饭:** 制作一道简单的餐点或甜点，选择你们都喜欢的食物。可以是简单的三明治或烤饼干，一起在厨房忙碌的过程会非常有趣。

- **电影马拉松:** 精心挑选一份你们最喜欢的电影清单，在家里来一场温馨的电影观影会，配上爆米花和毯子，舒适又惬意。

- **玩桌游:** 拿出一些经典的桌游，比如《拼字游戏》、《大富翁》或《卡坦岛》。这是一个既有趣又能进行友好竞争的好方式。...","在上班前只有一个小时可以和女朋友共度时光，并且接下来有一个为期一周的假期，你可以计划一个特别的活动，专注于增进感情和表达爱意。可以考虑在附近的公园来一次温馨的野餐。准备一些她喜欢的零食和饮料，甚至可以带上一小束花。你们可以聊聊即将到来的假期以及一起会做的那些令人兴奋的事情。

如果你想寻找一种更有意义的方式来增进感情，可以探索爱的语言这一概念。Gary Chapman的《爱的五种语言》是一个很好的资源。这本书和相关的评估可以帮助个人和情侣理解他们在关系中如何给予和接受爱。通过讨论和发现彼此的爱的语言，你们可以让这短暂的时光变得更加特别。这也可以为你的假期定下一个美好的基调。你可以在https://www.5lovelanguages.com/了解更多信息。一旦你们确定了彼此的爱的语言，就可以利用这些知识在这珍贵的一小时内以独特的方式表达爱。例如，如果她的爱的语言是优质时间，你可以专注于进行一次不受干扰的深入对话。如果是礼物，你可以送她一个小而贴心的纪念品，比如一个个性化的钥匙扣。这种对爱的语言的探索可以增加一层额外的亲密感，让这一小时真正难忘。...",,,,,,,,,,,,
