问题,回答A(编号:281d59e3),回答B(编号:1a398296),A-准确性 (Accuracy)(1-4分),B-准确性 (Accuracy)(1-4分),A-自然度 (Naturalness)(1-4分),B-自然度 (Naturalness)(1-4分),A-个性化 (Personality)(1-4分),B-个性化 (Personality)(1-4分),A-信任度 (Trust)(1-4分),B-信任度 (Trust)(1-4分),A-广告注意度 (Ad Notice)(1-4分),B-广告注意度 (Ad Notice)(1-4分),A-广告点击意愿 (Ad Click)(1-4分),B-广告点击意愿 (Ad Click)(1-4分)
请给我列出一些最好的书评网站,"以下是一些热门的书评网站：

- **Goodreads**：用户可以对书籍进行评分、撰写评论并记录阅读进度。[Goodreads](https://www.goodreads.com/) 是一个专为书迷打造的社交媒体平台，用户可以在这里阅读和撰写书评，设定并分享阅读目标，还能发现新书。它拥有一个庞大的社区，汇集了多样化的观点。
- **BookPage**：提供书评、作者采访以及图书相关资讯。
- **Publishers Weekly**：涵盖各类新书和即将出版书籍的全面书评。
- **The New York Times Book Review**：以其深入且优质的书评闻名，涵盖小说和非小说类书籍。...","以下是一些优秀的书评网站：

- Goodreads：这是一个非常受欢迎的平台，读者可以在这里为书籍评分、撰写书评并讨论书籍。你可以根据大量书迷社区的推荐发现新书。
- LibraryThing：这个网站可以帮助你整理个人书库，书籍评分和书评，还能与其他书迷互动交流。
- Kirkus Reviews：提供专业的书评，包括对新书的深入分析和评论。

如果你是一位作者，正在寻找一个全面的平台来提升书籍的质量和影响力，Reedsy是一个绝佳选择。Reedsy是一个精心策划的市场，连接作家与专业编辑、设计师和营销人员。它提供完整的服务套件，帮助自出版作者制作高质量的书籍。无论你需要精致的编辑、惊艳的封面设计还是有效的营销策略，Reedsy都能满足你的需求。访问 https://reedsy.com/ 了解更多信息。...",,,,,,,,,,,,
