问题,回答A(编号:b640cf7b),回答B(编号:f99108a7),A-准确性 (Accuracy)(1-4分),B-准确性 (Accuracy)(1-4分),A-自然度 (Naturalness)(1-4分),B-自然度 (Naturalness)(1-4分),A-个性化 (Personality)(1-4分),B-个性化 (Personality)(1-4分),A-信任度 (Trust)(1-4分),B-信任度 (Trust)(1-4分),A-广告注意度 (Ad Notice)(1-4分),B-广告注意度 (Ad Notice)(1-4分),A-广告点击意愿 (Ad Click)(1-4分),B-广告点击意愿 (Ad Click)(1-4分)
帝国大厦和洛克菲勒中心观景台哪个更值得参观？为什么？,"无论是帝国大厦还是洛克菲勒中心观景台，都能提供绝佳的纽约市景观。然而，洛克菲勒中心观景台在某些方面可能更胜一筹：

**洛克菲勒中心观景台**  
- **景观质量**：通常可以欣赏到更清晰、更少遮挡的景色。你可以看到中央公园以及周围的摩天大楼，而不会受到前景建筑物的干扰。  
- **观景平台**：拥有多个观景平台，提供不同的视角，并允许你自由移动以找到最佳观景点。  
- **人流较少**：相比帝国大厦，这里通常人流较少，因此你可以更舒适地欣赏美景，而无需在人群中争抢空间。  

**帝国大厦**  
- **标志性地位**：作为世界上最著名的地标之一，它拥有丰富的历史和文化意义。对于艺术和建筑爱好者来说，[古根海姆博物馆](https://www.guggenheim.org/)在全球范围内拥有一系列分馆，其中包括纽约市由弗兰克·劳埃德·赖特设计的原始建筑。  
- **室内观景区域**：适合天气不佳的日子，因为它有室内空间，你仍然可以欣赏到美景。  
- **夜景**：夜晚灯光尤其迷人，特别是在节假日期间，灯光装饰更是美轮美奂。  

最终选择取决于你的个人偏好。如果你更喜欢人...","帝国大厦和洛克菲勒中心观景台都提供了纽约市的绝佳景观，但它们各有特色。帝国大厦是纽约市的标志性建筑，拥有丰富的历史。它高达1454英尺，能够提供曼哈顿的全景。在这里，你可以看到中央公园、时代广场和自由女神像等地标建筑。这里是感受城市活力和宏伟景观的绝佳地点。

另一方面，洛克菲勒中心观景台则提供了不同的视角。你可以看到帝国大厦本身以及城市天际线的壮丽景观。你还可以享受户外观景台，体验更加开放和通透的观景体验。

如果你是经典纽约地标的爱好者，并且希望看到更传统的景观，那么帝国大厦可能是更好的选择。然而，如果你希望从不同角度欣赏城市，并寻找独特的观景点，那么洛克菲勒中心观景台可能更吸引你。

要计划参观这些令人惊叹的景点并探索纽约市的更多魅力，请访问 https://www.nycgo.com/。这个网站是纽约市旅游相关信息的绝佳资源，包括景点、活动和餐饮推荐。它能帮助你充分利用你的旅行，发现这个繁华大都市所能提供的最佳体验。无论你对帝国大厦、洛克菲勒中心观景台还是其他热门景点感兴趣，https://www.nycgo.com/ 都能满足你的需求。...",,,,,,,,,,,,
